{
    "worldPath": "Assets/world.world",
    "editorCameraSettings": {
        "position": {
            "x": 2.150031566619873,
            "y": 1.7160170078277588,
            "z": 2.255812406539917
        },
        "rotation": {
            "x": -0.19751152396202087,
            "y": 0.3055073320865631,
            "z": 0.06493794918060303,
            "w": 0.9292135238647461
        }
    }
}