{
    "worldPath": "Assets/world.world",
    "editorCameraSettings": {
        "position": {
            "x": 0.21105173230171204,
            "y": 0.6594804525375366,
            "z": 1.945974588394165
        },
        "rotation": {
            "x": -0.1710416078567505,
            "y": 0.01805226504802704,
            "z": 0.003134411759674549,
            "w": 0.9850934743881226
        }
    }
}