{
    "worldPath": "Assets/world.world",
    "editorCameraSettings": {
        "position": {
            "x": -2.9965901374816895,
            "y": 2.83532452583313,
            "z": 5.945274353027344
        },
        "rotation": {
            "x": -0.16865505278110504,
            "y": -0.19134163856506348,
            "z": -0.033394522964954376,
            "w": 0.9663481116294861
        }
    }
}