{
    "worldPath": "Assets/world.pnd",
    "editorCameraSettings": {
        "position": {
            "x": -2.9965901374816895,
            "y": 2.83532452583313,
            "z": 5.945274353027344
        },
        "rotation": {
            "x": -0.16865503787994385,
            "y": -0.19134165346622467,
            "z": -0.033394522964954376,
            "w": 0.9663481116294861
        }
    }
}