{
    "worldPath": "Assets/world.world",
    "editorCameraSettings": {
        "position": {
            "x": -9.321093559265137,
            "y": 10.423993110656738,
            "z": 19.433109283447266
        },
        "rotation": {
            "x": -0.13183067739009857,
            "y": -0.07949477434158325,
            "z": -0.010606893338263035,
            "w": 0.9880226850509644
        }
    }
}