{
    "worldPath": "Assets/world.world",
    "editorCameraSettings": {
        "position": {
            "x": -20.968767166137695,
            "y": 8.500324249267578,
            "z": 8.595803260803223
        },
        "rotation": {
            "x": -0.1830420345067978,
            "y": -0.09762542694807053,
            "z": -0.018270127475261688,
            "w": 0.9780752062797546
        }
    }
}