{
    "worldPath": "Assets/Joints2D.world",
    "editorCameraSettings": {
        "position": {
            "x": -20.696361541748047,
            "y": 10.130478858947754,
            "z": 18.11008644104004
        },
        "rotation": {
            "x": -0.06351283937692642,
            "y": -0.17672201991081238,
            "z": -0.011428190395236015,
            "w": 0.982142984867096
        }
    }
}