{
    "worldPath": "Assets/world.pnd",
    "editorCameraSettings": {
        "position": {
            "x": -5.65401554107666,
            "y": 9.262986183166504,
            "z": 16.676002502441406
        },
        "rotation": {
            "x": -0.10950587689876556,
            "y": -0.06414268910884857,
            "z": -0.007081437855958939,
            "w": 0.9918891191482544
        }
    }
}