{
    "worldPath": "Assets/world.world",
    "editorCameraSettings": {
        "position": {
            "x": -20.696361541748047,
            "y": 10.130478858947754,
            "z": 18.11008644104004
        },
        "rotation": {
            "x": -0.09013647586107254,
            "y": -0.10410469025373459,
            "z": -0.00947431568056345,
            "w": 0.9904282093048096
        }
    }
}