{
    "worldPath": "Assets/world.pnd",
    "editorCameraSettings": {
        "position": {
            "x": -5.0227861404418945,
            "y": 10.424477577209473,
            "z": 23.411359786987305
        },
        "rotation": {
            "x": -0.07845919579267502,
            "y": -0.0017405712278559804,
            "z": -0.00013698630209546536,
            "w": 0.996915876865387
        }
    }
}