{
    "worldPath": "Assets/world.world",
    "editorCameraSettings": {
        "position": {
            "x": -20.696361541748047,
            "y": 10.130478858947754,
            "z": 18.11008644104004
        },
        "rotation": {
            "x": -0.11097463965415955,
            "y": -0.09352826327085495,
            "z": -0.010490921325981617,
            "w": 0.9893568754196167
        }
    }
}