{
    "worldPath": "Assets/Joints3D.world",
    "editorCameraSettings": {
        "position": {
            "x": -0.33238911628723145,
            "y": 8.207011222839355,
            "z": 10.14494514465332
        },
        "rotation": {
            "x": -0.1948724389076233,
            "y": 0.10250221937894821,
            "z": 0.020481931045651436,
            "w": 0.9752428531646729
        }
    }
}