{
    "worldPath": "Assets/world.world",
    "editorCameraSettings": {
        "position": {
            "x": 20.853315353393555,
            "y": 32.77132034301758,
            "z": 21.424375534057617
        },
        "rotation": {
            "x": -0.30073586106300354,
            "y": 0.4329948127269745,
            "z": 0.15588738024234772,
            "w": 0.8353278040885925
        }
    }
}