{
    "worldPath": "Assets/Joints3D.world",
    "editorCameraSettings": {
        "position": {
            "x": 0.13879714906215668,
            "y": 9.100055694580078,
            "z": 12.991146087646484
        },
        "rotation": {
            "x": -0.14903225004673004,
            "y": 0.08101730793714523,
            "z": 0.012252693995833397,
            "w": 0.9854316115379333
        }
    }
}