{
    "worldPath": "Assets/Joints2D.world",
    "editorCameraSettings": {
        "position": {
            "x": 4.5457892417907715,
            "y": 6.559231758117676,
            "z": 9.090965270996094
        },
        "rotation": {
            "x": -0.21295711398124695,
            "y": 0.025576211512088776,
            "z": 0.0055765085853636265,
            "w": 0.976710855960846
        }
    }
}