{
    "worldPath": "Assets/Joints2D.world",
    "editorCameraSettings": {
        "position": {
            "x": 4.5457892417907715,
            "y": 6.559231758117676,
            "z": 9.090965270996094
        },
        "rotation": {
            "x": -0.21295712888240814,
            "y": 0.025576213374733925,
            "z": 0.005576509051024914,
            "w": 0.976710855960846
        }
    }
}