{
    "worldPath": "Assets/world.world",
    "editorCameraSettings": {
        "position": {
            "x": 17.20159339904785,
            "y": 22.78434944152832,
            "z": 8.192118644714355
        },
        "rotation": {
            "x": -0.1980954259634018,
            "y": 0.5236668586730957,
            "z": 0.12668822705745697,
            "w": 0.8188291788101196
        }
    }
}