{
    "worldPath": "Assets/world.world",
    "editorCameraSettings": {
        "position": {
            "x": -5.581705570220947,
            "y": 5.155923843383789,
            "z": 0.6122615337371826
        },
        "rotation": {
            "x": 0.013034872710704803,
            "y": -0.6648685336112976,
            "z": 0.011605492793023586,
            "w": 0.7467564940452576
        }
    }
}