{
    "worldPath": "Assets/world.pnd",
    "editorCameraSettings": {
        "position": {
            "x": -6.578182220458984,
            "y": 5.783515453338623,
            "z": -0.5773935914039612
        },
        "rotation": {
            "x": -0.03158140555024147,
            "y": -0.7411544322967529,
            "z": -0.0349520742893219,
            "w": 0.6696798205375671
        }
    }
}