{
    "worldPath": "Assets/world.world",
    "editorCameraSettings": {
        "position": {
            "x": -5.809581279754639,
            "y": 4.269425868988037,
            "z": -0.13072705268859863
        },
        "rotation": {
            "x": -0.03243765980005264,
            "y": -0.7243290543556213,
            "z": -0.03415827453136444,
            "w": 0.6878433227539063
        }
    }
}