{
    "worldPath": "Assets/world.world",
    "editorCameraSettings": {
        "position": {
            "x": 3.379199504852295,
            "y": 4.71665096282959,
            "z": 0.0037826411426067352
        },
        "rotation": {
            "x": -0.0992068275809288,
            "y": -0.6555041074752808,
            "z": -0.08746294677257538,
            "w": 0.7435204386711121
        }
    }
}