{
    "worldPath": "Assets/world.pnd",
    "editorCameraSettings": {
        "position": {
            "x": -6.578182220458984,
            "y": 5.783515453338623,
            "z": -0.5773935914039612
        },
        "rotation": {
            "x": -0.020495876669883728,
            "y": -0.7226513624191284,
            "z": -0.021447857841849327,
            "w": 0.690575897693634
        }
    }
}