{
    "worldPath": "Assets/world.world",
    "editorCameraSettings": {
        "position": {
            "x": -5.476368427276611,
            "y": 6.663822650909424,
            "z": -0.0158232431858778
        },
        "rotation": {
            "x": -0.05799788609147072,
            "y": -0.7153863906860352,
            "z": -0.05980715528130531,
            "w": 0.6937447190284729
        }
    }
}