{
    "worldPath": "Assets/world.world",
    "editorCameraSettings": {
        "position": {
            "x": -6.578182220458984,
            "y": 5.783515453338623,
            "z": -0.5773935914039612
        },
        "rotation": {
            "x": -0.06936638057231903,
            "y": -0.7121556997299194,
            "z": -0.0710827112197876,
            "w": 0.6949602961540222
        }
    }
}