{
    "worldPath": "Assets/world.world",
    "editorCameraSettings": {
        "position": {
            "x": -4.353342533111572,
            "y": 4.450303554534912,
            "z": -0.8577092289924622
        },
        "rotation": {
            "x": -0.01422885712236166,
            "y": -0.7335726022720337,
            "z": -0.015365930274128914,
            "w": 0.6792884469032288
        }
    }
}