{
    "worldPath": "Assets/world.world",
    "editorCameraSettings": {
        "position": {
            "x": -6.935318470001221,
            "y": 4.9961347579956055,
            "z": -0.03217197209596634
        },
        "rotation": {
            "x": -0.06521748751401901,
            "y": -0.6915491819381714,
            "z": -0.06293578445911407,
            "w": 0.716620922088623
        }
    }
}