{
    "worldPath": "Assets\\world.world",
    "editorCameraSettings": {
        "position": {
            "x": -5.476368427276611,
            "y": 6.663822650909424,
            "z": -0.0158232431858778
        },
        "rotation": {
            "x": -0.024845363572239876,
            "y": -0.7119455933570862,
            "z": -0.02522101253271103,
            "w": 0.7013416886329651
        }
    }
}