{
    "worldPath": "Assets/world.world",
    "editorCameraSettings": {
        "position": {
            "x": 1.8475019931793213,
            "y": 7.183943271636963,
            "z": 9.76681900024414
        },
        "rotation": {
            "x": -0.24825076758861542,
            "y": 0.09135735780000687,
            "z": 0.02352426014840603,
            "w": 0.9640913009643555
        }
    }
}