{
    "worldPath": "Assets/world.world",
    "editorCameraSettings": {
        "position": {
            "x": 5.34588623046875,
            "y": 4.486268997192383,
            "z": 5.548110008239746
        },
        "rotation": {
            "x": -0.18170447647571564,
            "y": 0.403253436088562,
            "z": 0.08204279094934464,
            "w": 0.8931065797805786
        }
    }
}