{
    "worldPath": "Assets/world.world",
    "editorCameraSettings": {
        "position": {
            "x": 113.88688659667969,
            "y": 65.07456970214844,
            "z": 183.88648986816406
        },
        "rotation": {
            "x": -0.1278894990682602,
            "y": 0.11742313951253891,
            "z": 0.01525060273706913,
            "w": 0.9846946001052856
        }
    }
}