{
    "worldPath": "Assets/world.world",
    "editorCameraSettings": {
        "position": {
            "x": 161.6035614013672,
            "y": 78.6753158569336,
            "z": 129.93215942382813
        },
        "rotation": {
            "x": -0.1442600041627884,
            "y": -0.29724642634391785,
            "z": -0.045485105365514755,
            "w": 0.942743182182312
        }
    }
}