{
    "worldPath": "Assets/world.pnd",
    "editorCameraSettings": {
        "position": {
            "x": 104.7400894165039,
            "y": 65.59515380859375,
            "z": 173.44149780273438
        },
        "rotation": {
            "x": -0.08699315041303635,
            "y": 0.06082151085138321,
            "z": 0.005321192089468241,
            "w": 0.9943363070487976
        }
    }
}