{
    "worldPath": "Assets/world.world",
    "editorCameraSettings": {
        "position": {
            "x": 16.769311904907227,
            "y": 60.6369743347168,
            "z": 5.446599006652832
        },
        "rotation": {
            "x": -0.030591275542974472,
            "y": -0.9143593311309814,
            "z": -0.07035612314939499,
            "w": 0.39756909012794495
        }
    }
}