{
    "worldPath": "Assets/world.world",
    "editorCameraSettings": {
        "position": {
            "x": 161.6035614013672,
            "y": 78.6753158569336,
            "z": 129.93215942382813
        },
        "rotation": {
            "x": -0.28014376759529114,
            "y": -0.32027667760849,
            "z": -0.0997549369931221,
            "w": 0.8994393944740295
        }
    }
}