{
    "worldPath": "Assets/world.world",
    "editorCameraSettings": {
        "position": {
            "x": 184.18917846679688,
            "y": 34.83661651611328,
            "z": 98.28193664550781
        },
        "rotation": {
            "x": 0.00348673271946609,
            "y": 0.048848655074834824,
            "z": -0.00017052682233043015,
            "w": 0.9988000988960266
        }
    }
}