{
    "worldPath": "Assets/world.world",
    "editorCameraSettings": {
        "position": {
            "x": 161.6035614013672,
            "y": 78.6753158569336,
            "z": 129.93215942382813
        },
        "rotation": {
            "x": -0.3164369463920593,
            "y": -0.2867714464664459,
            "z": -0.10098814219236374,
            "w": 0.8985717296600342
        }
    }
}