{
    "worldPath": "Assets/world.world",
    "editorCameraSettings": {
        "position": {
            "x": -109.66070556640625,
            "y": 54.86259460449219,
            "z": -85.54846954345703
        },
        "rotation": {
            "x": -0.04858306795358658,
            "y": 0.9265666007995605,
            "z": 0.12857173383235931,
            "w": 0.35011929273605347
        }
    }
}