{
    "worldPath": "Assets/world.world",
    "editorCameraSettings": {
        "position": {
            "x": 89.53081512451172,
            "y": 63.58384704589844,
            "z": -284.5089416503906
        },
        "rotation": {
            "x": -0.007391676306724548,
            "y": 0.7083063125610352,
            "z": 0.007417635526508093,
            "w": 0.705827534198761
        }
    }
}