{
    "worldPath": "Assets/world.world",
    "editorCameraSettings": {
        "position": {
            "x": 6.9799909591674805,
            "y": 9.722014427185059,
            "z": 6.350478172302246
        },
        "rotation": {
            "x": -0.20691460371017456,
            "y": 0.38228151202201843,
            "z": 0.08825654536485672,
            "w": 0.896246612071991
        }
    }
}