{
    "worldPath": "Assets/world.world",
    "editorCameraSettings": {
        "position": {
            "x": 104.7400894165039,
            "y": 65.59515380859375,
            "z": 173.44149780273438
        },
        "rotation": {
            "x": -0.17877496778964996,
            "y": 0.017176425084471703,
            "z": 0.00312148523516953,
            "w": 0.983735203742981
        }
    }
}