{
    "worldPath": "Assets/world.world",
    "editorCameraSettings": {
        "position": {
            "x": 161.6035614013672,
            "y": 78.6753158569336,
            "z": 129.93215942382813
        },
        "rotation": {
            "x": 0.049209512770175934,
            "y": -0.41408732533454895,
            "z": 0.022426126524806023,
            "w": 0.908629298210144
        }
    }
}