{
    "worldPath": "Assets/world.world",
    "editorCameraSettings": {
        "position": {
            "x": 5.34588623046875,
            "y": 4.486268997192383,
            "z": 5.548110008239746
        },
        "rotation": {
            "x": -0.15035898983478546,
            "y": 0.3616841435432434,
            "z": 0.059228040277957916,
            "w": 0.9181877970695496
        }
    }
}