{
    "worldPath": "Assets/world.world",
    "editorCameraSettings": {
        "position": {
            "x": 161.6035614013672,
            "y": 78.6753158569336,
            "z": 129.93215942382813
        },
        "rotation": {
            "x": -0.3254643678665161,
            "y": -0.2888213098049164,
            "z": -0.10512235760688782,
            "w": 0.8942060470581055
        }
    }
}