{
    "worldPath": "Assets/world.world",
    "editorCameraSettings": {
        "position": {
            "x": 585.1474609375,
            "y": 58.12363815307617,
            "z": -210.7219696044922
        },
        "rotation": {
            "x": -0.15478746592998505,
            "y": 0.28358855843544006,
            "z": 0.04643939062952995,
            "w": 0.9452310800552368
        }
    }
}