{
    "worldPath": "Assets/world.world",
    "editorCameraSettings": {
        "position": {
            "x": 184.18917846679688,
            "y": 34.83661651611328,
            "z": 98.28193664550781
        },
        "rotation": {
            "x": -0.030768997967243195,
            "y": -0.20097947120666504,
            "z": -0.006315993145108223,
            "w": 0.9790917634963989
        }
    }
}