{
    "worldPath": "Assets/world.world",
    "editorCameraSettings": {
        "position": {
            "x": 113.88688659667969,
            "y": 65.07456970214844,
            "z": 183.88648986816406
        },
        "rotation": {
            "x": -0.1822056621313095,
            "y": -0.13509395718574524,
            "z": -0.02528214268386364,
            "w": 0.97360759973526
        }
    }
}