{
    "worldPath": "Assets/world.world",
    "editorCameraSettings": {
        "position": {
            "x": 131.9519500732422,
            "y": 34.76595687866211,
            "z": 113.57203674316406
        },
        "rotation": {
            "x": 0.006923362612724304,
            "y": 0.1287917196750641,
            "z": -0.0008991825161501765,
            "w": 0.9916471838951111
        }
    }
}