{
    "worldPath": "Assets/world.world",
    "editorCameraSettings": {
        "position": {
            "x": 6.9799909591674805,
            "y": 9.722014427185059,
            "z": 6.350478172302246
        },
        "rotation": {
            "x": -0.25123685598373413,
            "y": 0.38349348306655884,
            "z": 0.10924088954925537,
            "w": 0.8819746375083923
        }
    }
}