{
    "worldPath": "Assets/world.world",
    "editorCameraSettings": {
        "position": {
            "x": 6.9799909591674805,
            "y": 9.722014427185059,
            "z": 6.350478172302246
        },
        "rotation": {
            "x": -0.2708654999732971,
            "y": 0.37192192673683167,
            "z": 0.11441804468631744,
            "w": 0.880462646484375
        }
    }
}