{
    "worldPath": "Assets/world.world",
    "editorCameraSettings": {
        "position": {
            "x": 113.88688659667969,
            "y": 65.07456970214844,
            "z": 183.88648986816406
        },
        "rotation": {
            "x": -0.18381571769714355,
            "y": 0.0377378985285759,
            "z": 0.007062455173581839,
            "w": 0.9822107553482056
        }
    }
}