{
    "worldPath": "Assets/world.world",
    "editorCameraSettings": {
        "position": {
            "x": 161.6035614013672,
            "y": 78.6753158569336,
            "z": 129.93215942382813
        },
        "rotation": {
            "x": -0.3254643678665161,
            "y": -0.28882133960723877,
            "z": -0.10512236505746841,
            "w": 0.8942060470581055
        }
    }
}