{
    "worldPath": "Assets/world.world",
    "editorCameraSettings": {
        "position": {
            "x": 148.70242309570313,
            "y": 74.44935607910156,
            "z": 202.0418243408203
        },
        "rotation": {
            "x": -0.17962642014026642,
            "y": 0.09769339859485626,
            "z": 0.017930086702108383,
            "w": 0.9787078499794006
        }
    }
}