{
    "worldPath": "Assets/world.world",
    "editorCameraSettings": {
        "position": {
            "x": 2.769373893737793,
            "y": 3.529197931289673,
            "z": 4.141424655914307
        },
        "rotation": {
            "x": -0.2834576666355133,
            "y": 0.3183571994304657,
            "z": 0.10037760436534882,
            "w": 0.8990132212638855
        }
    }
}