{
    "worldPath": "Assets/world.pnd",
    "editorCameraSettings": {
        "position": {
            "x": -1.3673056364059448,
            "y": 5.3546671867370605,
            "z": 8.221783638000488
        },
        "rotation": {
            "x": -0.18490265309810638,
            "y": -0.08905673772096634,
            "z": -0.016827460378408432,
            "w": 0.9785687923431396
        }
    }
}