{
    "worldPath": "Assets/world.pnd",
    "editorCameraSettings": {
        "position": {
            "x": 1.1337097883224487,
            "y": 2.0815868377685547,
            "z": 3.92169451713562
        },
        "rotation": {
            "x": -0.20023518800735474,
            "y": 0.15487197041511536,
            "z": 0.03207247704267502,
            "w": 0.9668980836868286
        }
    }
}