{
    "worldPath": "Assets/world.pnd",
    "editorCameraSettings": {
        "position": {
            "x": 1.1337097883224487,
            "y": 2.0815868377685547,
            "z": 3.92169451713562
        },
        "rotation": {
            "x": -0.17311300337314606,
            "y": 0.07726707309484482,
            "z": 0.013624279759824276,
            "w": 0.9817719459533691
        }
    }
}