{
    "worldPath": "Assets/world.pnd",
    "editorCameraSettings": {
        "position": {
            "x": -1.3673056364059448,
            "y": 5.3546671867370605,
            "z": 8.221783638000488
        },
        "rotation": {
            "x": -0.26017114520072937,
            "y": -0.04884617030620575,
            "z": -0.013179720379412174,
            "w": 0.9642361402511597
        }
    }
}