{
    "worldPath": "Assets/world.world",
    "editorCameraSettings": {
        "position": {
            "x": 1.1898131370544434,
            "y": 1.16385018825531,
            "z": 3.289790630340576
        },
        "rotation": {
            "x": -0.19685892760753632,
            "y": 0.15498296916484833,
            "z": 0.0315316878259182,
            "w": 0.9675911664962769
        }
    }
}