{
    "worldPath": "Assets/world.world",
    "editorCameraSettings": {
        "position": {
            "x": 1.1898131370544434,
            "y": 1.16385018825531,
            "z": 3.289790630340576
        },
        "rotation": {
            "x": -0.12257236242294312,
            "y": 0.12780797481536865,
            "z": 0.01591937057673931,
            "w": 0.984066903591156
        }
    }
}