{
    "worldPath": "Assets/world.world",
    "editorCameraSettings": {
        "position": {
            "x": 1.1337097883224487,
            "y": 2.0815868377685547,
            "z": 3.92169451713562
        },
        "rotation": {
            "x": -0.19605542719364166,
            "y": 0.12455779314041138,
            "z": 0.02511528506875038,
            "w": 0.9723255038261414
        }
    }
}