{
    "worldPath": "Assets/menu.pnd",
    "editorCameraSettings": {
        "position": {
            "x": -2.1854422092437744,
            "y": 6.233885288238525,
            "z": 9.796150207519531
        },
        "rotation": {
            "x": -0.10832280665636063,
            "y": -0.15891636908054352,
            "z": -0.017544545233249664,
            "w": 0.9811748266220093
        }
    }
}