{
    "worldPath": "Assets/levels/level1.world",
    "editorCameraSettings": {
        "position": {
            "x": -6.295348167419434,
            "y": 2.4537811279296875,
            "z": 14.373920440673828
        },
        "rotation": {
            "x": -0.01680956408381462,
            "y": -0.2688794434070587,
            "z": -0.0046933251433074474,
            "w": 0.9630157351493835
        }
    }
}