{
    "worldPath": "Assets/levels/level1.world",
    "editorCameraSettings": {
        "position": {
            "x": -6.872061729431152,
            "y": 3.978391170501709,
            "z": 10.48477554321289
        },
        "rotation": {
            "x": -0.13771940767765045,
            "y": -0.2092169225215912,
            "z": -0.029776042327284813,
            "w": 0.9676648378372192
        }
    }
}