{
    "worldPath": "Assets/world.pnd",
    "editorCameraSettings": {
        "position": {
            "x": 4.536899089813232,
            "y": 1.359682559967041,
            "z": 9.078834533691406
        },
        "rotation": {
            "x": -0.08553927391767502,
            "y": -0.32915353775024414,
            "z": -0.029955366626381874,
            "w": 0.9399169087409973
        }
    }
}