{
    "worldPath": "Assets/levels/level1.world",
    "editorCameraSettings": {
        "position": {
            "x": -2.1406397819519043,
            "y": 2.712585926055908,
            "z": 11.862893104553223
        },
        "rotation": {
            "x": -0.10625914484262466,
            "y": -0.17775693535804749,
            "z": -0.019310617819428444,
            "w": 0.9781302213668823
        }
    }
}