{
    "worldPath": "Assets/menu.pnd",
    "editorCameraSettings": {
        "position": {
            "x": -2.1854422092437744,
            "y": 6.233885288238525,
            "z": 9.796150207519531
        },
        "rotation": {
            "x": -0.10832285135984421,
            "y": -0.1589163988828659,
            "z": -0.01754455640912056,
            "w": 0.9811748266220093
        }
    }
}