{
    "worldPath": "Assets/levels/level1.world",
    "editorCameraSettings": {
        "position": {
            "x": -7.171120643615723,
            "y": 10.067193031311035,
            "z": 22.469457626342773
        },
        "rotation": {
            "x": -0.1653514802455902,
            "y": -0.2698805332183838,
            "z": -0.04710175469517708,
            "w": 0.947420060634613
        }
    }
}