{
    "worldPath": "Assets/world.pnd",
    "editorCameraSettings": {
        "position": {
            "x": -2.1854422092437744,
            "y": 6.233885288238525,
            "z": 9.796150207519531
        },
        "rotation": {
            "x": -0.19864536821842194,
            "y": -0.19690081477165222,
            "z": -0.040776193141937256,
            "w": 0.9592223167419434
        }
    }
}