{
    "worldPath": "Assets/world.pnd",
    "editorCameraSettings": {
        "position": {
            "x": -4.4935197830200195,
            "y": 4.6817779541015625,
            "z": 15.71957778930664
        },
        "rotation": {
            "x": -0.07248955219984055,
            "y": -0.1422470360994339,
            "z": -0.010445988737046719,
            "w": 0.9871180057525635
        }
    }
}