{
    "worldPath": "Assets/levels/level1.world",
    "editorCameraSettings": {
        "position": {
            "x": -2.789863348007202,
            "y": 3.8399407863616943,
            "z": 16.833314895629883
        },
        "rotation": {
            "x": 0.08819320052862167,
            "y": -0.12483808398246765,
            "z": 0.011141485534608364,
            "w": 0.9881869554519653
        }
    }
}