{
    "worldPath": "Assets/world.world",
    "editorCameraSettings": {
        "position": {
            "x": -59.76876449584961,
            "y": 28.30417823791504,
            "z": -154.1050262451172
        },
        "rotation": {
            "x": -0.04558044299483299,
            "y": -0.8982205390930176,
            "z": -0.09599217772483826,
            "w": 0.42650648951530457
        }
    }
}