{
    "worldPath": "Assets/world.world",
    "editorCameraSettings": {
        "position": {
            "x": -35.215274810791016,
            "y": 25.45039939880371,
            "z": -133.66452026367188
        },
        "rotation": {
            "x": -0.03669886663556099,
            "y": -0.6874728798866272,
            "z": -0.03482590988278389,
            "w": 0.7244455814361572
        }
    }
}